Date,Value,,,,,,,,,,,,,,,,,,,,,,,
01-01-1981,47.46,,,,,,,,,,,,,,,,,,,,,,,
01-02-1981,10.55,,,,,,,,,,,,,,,,,,,,,,,
01-03-1981,5.27,,,,,,,,,,,,,,,,,,,,,,,
01-04-1981,5.27,,,,,,,,,,,,,,,,,,,,,,,
01-05-1981,31.64,,,,,,,,,,,,,,,,,,,,,,,
01-06-1981,79.1,,,,,,,,,0,31.64,31.64,36.91,31.64,126.56,163.48,237.3,89.65,47.46,21.09,0,,,
01-07-1981,564.26,,,,,,,,,,,,,,,,,,,,,,,
01-08-1981,195.12,,,,,,,,,,,,,,,,,,,,,,,
01-09-1981,195.12,,,,,,,,,,,,,,,,,,,,,,,
01-10-1981,0,,,,,,,,,,,,,,,,,,,,,,,
01-11-1981,15.82,,,,,,,,,,,,47.46,10.55,5.27,5.27,31.64,79.1,564.26,195.12,195.12,0,15.82,10.55
01-12-1981,10.55,,,,,,,,,,,,,,,,,,,,,,,
01-01-1982,31.64,,,,,,,,,,,,,,,,,,,,,,,
01-02-1982,31.64,,,,,,,,,,,,,,,,,,,,,,,
01-03-1982,31.64,,,,,,,,,,,,,,,,,,,,,,,
01-04-1982,36.91,,,,,,,,,,,,,,,,,,,,,,,
01-05-1982,31.64,,,,,,,,,,,,,,,,,,,,,,,
01-06-1982,126.56,,,,,,,,,,,,,,,,,,,,,,,
01-07-1982,163.48,,,,,,,,,,,,,,,,,,,,,,,
01-08-1982,237.3,,,,,,,,,,,,,,,,,,,,,,,
01-09-1982,89.65,,,,,,,,,,,,,,,,,,,,,,,
01-10-1982,47.46,,,,,,,,,,,,,,,,,,,,,,,
01-11-1982,21.09,,,,,,,,,,,,,,,,,,,,,,,
01-12-1982,0,,,,,,,,,0,5.27,0,10.55,5.27,100.2,184.57,131.84,63.28,42.19,0,10.55,,,
01-01-1983,0,,,,,,,,,,,,,,,,,,,,,,,
01-02-1983,5.27,,,,,,,,,,,,,,,,,,,,,,,
01-03-1983,0,,,,,,,,,,,,,,,,,,,,,,,
01-04-1983,10.55,,,,,,,,,,,,,,,,,,,,,,,
01-05-1983,5.27,,,,,,,,,,,,,,,,,,,,,,,
01-06-1983,100.2,,,,,,,,,,,,,,,,,,,,,,,
01-07-1983,184.57,,,,,,,,,,,,,,,,,,,,,,,
01-08-1983,131.84,,,,,,,,,,,,,,,,,,,,,,,
01-09-1983,63.28,,,,,,,,,,,,,,,,,,,,,,,
01-10-1983,42.19,,,,,,,,,,,,,,,,,,,,,,,
01-11-1983,0,,,,,,,,,,,,,,,,,,,,,,,
01-12-1983,10.55,,,,,,,,21.09,36.91,0,0,0,268.95,363.87,332.23,184.57,10.55,0,0,,,,
01-01-1984,21.09,,,,,,,,,,,,,,,,,,,,,,,
01-02-1984,36.91,,,,,,,,,,,,,,,,,,,,,,,
01-03-1984,0,,,,,,,,,,,,,,,,,,,,,,,
01-04-1984,0,,,,,,,,,,,,,,,,,,,,,,,
01-05-1984,0,,,,,,,,,,,,,,,,,,,,,,,
01-06-1984,268.95,,,,,,,,,,,,,,,,,,,,,,,
01-07-1984,363.87,,,,,,,,,,,,,,,,,,,,,,,
01-08-1984,332.23,,,,,,,,,,,,,,,,,,,,,,,
01-09-1984,184.57,,,,,,,,,,,,,,,,,,,,,,,
01-10-1984,10.55,,,,,,,,,,,,,,,,,,,,,,,
01-11-1984,0,,,,,,,,,,,,,,,,,,,,,,,
01-12-1984,0,,,,,,,,,,,,,,,,,,,,,,,
01-01-1985,10.55,,,,,,,,,,,,,,,,,,,,,,,
01-02-1985,0,,,,,,,,10.55,0,0,0,0,63.28,416.6,268.95,221.48,158.2,0,5.27,,,,
01-03-1985,0,,,,,,,,,,,,,,,,,,,,,,,
01-04-1985,0,,,,,,,,,,,,,,,,,,,,,,,
01-05-1985,0,,,,,,,,,,,,,,,,,,,,,,,
01-06-1985,63.28,,,,,,,,,,,,,,,,,,,,,,,
01-07-1985,416.6,,,,,,,,,,,,,,,,,,,,,,,
01-08-1985,268.95,,,,,,,,,,,,,,,,,,,,,,,
01-09-1985,221.48,,,,,,,,,,,,,,,,,,,,,,,
01-10-1985,158.2,,,,,,,,,,,,,,,,,,,,,,,
01-11-1985,0,,,,,,,,,,,,,,,,,,,,,,,
01-12-1985,5.27,,,,,,,,,,,,,,,,,,,,,,,
01-01-1986,0,,,,,,,,,,,,,,,,,,,,,,,
01-02-1986,10.55,,,,,,,,,,,,,,,,,,,,,,,
01-03-1986,0,,,,,,,,,,,,,,,,,,,,,,,
01-04-1986,15.82,,,,,,,,,,,,,,,,,,,,,,,
01-05-1986,36.91,,,,,,,,,,,,,,,,,,,,,,,
01-06-1986,58.01,,,,,,,,,,,,,,,,,,,,,,,
01-07-1986,311.13,,,,,,,,,,,,,,,,,,,,,,,
01-08-1986,168.75,,,,,,,,,,,,,,,,,,,,,,,
01-09-1986,84.38,,,,,,,,,,,,,,,,,,,,,,,
01-10-1986,58.01,,,,,,,,,,,,,,,,,,,,,,,
01-11-1986,0,,,,,,,,,,,,,,,,,,,,,,,
01-12-1986,21.09,,,,,,,,,,,,,,,,,,,,,,,
01-01-1987,5.27,,,,,,,,,,,,,,,,,,,,,,,
01-02-1987,0,,,,,,,,,,,,,,,,,,,,,,,
01-03-1987,5.27,,,,,,,,,,,,,,,,,,,,,,,
01-04-1987,10.55,,,,,,,,,,,,,,,,,,,,,,,
01-05-1987,10.55,,,,,,,,,,,,,,,,,,,,,,,
01-06-1987,47.46,,,,,,,,,,,,,,,,,,,,,,,
01-07-1987,369.14,,,,,,,,,,,,,,,,,,,,,,,
01-08-1987,411.33,,,,,,,,,,,,,,,,,,,,,,,
01-09-1987,353.32,,,,,,,,,,,,,,,,,,,,,,,
01-10-1987,10.55,,,,,,,,,,,,,,,,,,,,,,,
01-11-1987,21.09,,,,,,,,,,,,,,,,,,,,,,,
01-12-1987,0,,,,,,,,,,,,,,,,,,,,,,,
01-01-1988,0,,,,,,,,,,,,,,,,,,,,,,,
01-02-1988,10.55,,,,,,,,,,,,,,,,,,,,,,,
01-03-1988,31.64,,,,,,,,,,,,,,,,,,,,,,,
01-04-1988,5.27,,,,,,,,,,,,,,,,,,,,,,,
01-05-1988,10.55,,,,,,,,,,,,,,,,,,,,,,,
01-06-1988,184.57,,,,,,,,,,,,,,,,,,,,,,,
01-07-1988,242.58,,,,,,,,,,,,,,,,,,,,,,,
01-08-1988,437.7,,,,,,,,,,,,,,,,,,,,,,,
01-09-1988,110.74,,,,,,,,,,,,,,,,,,,,,,,
01-10-1988,10.55,,,,,,,,,,,,,,,,,,,,,,,
01-11-1988,0,,,,,,,,,,,,,,,,,,,,,,,
01-12-1988,21.09,,,,,,,,,,,,,,,,,,,,,,,
01-01-1989,0,,,,,,,,,,,,,,,,,,,,,,,
01-02-1989,0,,,,,,,,,,,,,,,,,,,,,,,
01-03-1989,5.27,,,,,,,,,,,,,,,,,,,,,,,
01-04-1989,0,,,,,,,,,,,,,,,,,,,,,,,
01-05-1989,42.19,,,,,,,,,,,,,,,,,,,,,,,
01-06-1989,68.55,,,,,,,,,,,,,,,,,,,,,,,
01-07-1989,279.49,,,,,,,,,,,,,,,,,,,,,,,
01-08-1989,110.74,,,,,,,,,,,,,,,,,,,,,,,
01-09-1989,131.84,,,,,,,,,,,,,,,,,,,,,,,
01-10-1989,26.37,,,,,,,,,,,,,,,,,,,,,,,
01-11-1989,0,,,,,,,,,,,,,,,,,,,,,,,
01-12-1989,10.55,,,,,,,,,,,,,,,,,,,,,,,
01-01-1990,0,,,,,,,,,,,,,,,,,,,,,,,
01-02-1990,26.37,,,,,,,,,,,,,,,,,,,,,,,
01-03-1990,0,,,,,,,,,,,,,,,,,,,,,,,
01-04-1990,0,,,,,,,,,,,,,,,,,,,,,,,
01-05-1990,15.82,,,,,,,,,,,,,,,,,,,,,,,
01-06-1990,247.85,,,,,,,,,,,,,,,,,,,,,,,
01-07-1990,495.7,,,,,,,,,,,,,,,,,,,,,,,
01-08-1990,131.84,,,,,,,,,,,,,,,,,,,,,,,
01-09-1990,110.74,,,,,,,,,,,,,,,,,,,,,,,
01-10-1990,26.37,,,,,,,,,,,,,,,,,,,,,,,
01-11-1990,0,,,,,,,,,,,,,,,,,,,,,,,
01-12-1990,0,,,,,,,,,,,,,,,,,,,,,,,
01-01-1991,5.27,,,,,,,,,,,,,,,,,,,,,,,
01-02-1991,0,,,,,,,,,,,,,,,,,,,,,,,
01-03-1991,5.27,,,,,,,,,,,,,,,,,,,,,,,
01-04-1991,0,,,,,,,,,,,,,,,,,,,,,,,
01-05-1991,10.55,,,,,,,,,,,,,,,,,,,,,,,
01-06-1991,116.02,,,,,,,,,,,,,,,,,,,,,,,
01-07-1991,73.83,,,,,,,,,,,,,,,,,,,,,,,
01-08-1991,268.95,,,,,,,,,,,,,,,,,,,,,,,
01-09-1991,168.75,,,,,,,,,,,,,,,,,,,,,,,
01-10-1991,0,,,,,,,,,,,,,,,,,,,,,,,
01-11-1991,0,,,,,,,,,,,,,,,,,,,,,,,
01-12-1991,31.64,,,,,,,,,,,,,,,,,,,,,,,
01-01-1992,0,,,,,,,,,,,,,,,,,,,,,,,
01-02-1992,5.27,,,,,,,,,,,,,,,,,,,,,,,
01-03-1992,0,,,,,,,,,,,,,,,,,,,,,,,
01-04-1992,0,,,,,,,,,,,,,,,,,,,,,,,
01-05-1992,26.37,,,,,,,,,,,,,,,,,,,,,,,
01-06-1992,94.92,,,,,,,,,,,,,,,,,,,,,,,
01-07-1992,189.84,,,,,,,,,,,,,,,,,,,,,,,
01-08-1992,284.77,,,,,,,,,,,,,,,,,,,,,,,
01-09-1992,42.19,,,,,,,,,,,,,,,,,,,,,,,
01-10-1992,10.55,,,,,,,,,,,,,,,,,,,,,,,
01-11-1992,0,,,,,,,,,,,,,,,,,,,,,,,
01-12-1992,0,,,,,,,,,,,,,,,,,,,,,,,
01-01-1993,0,,,,,,,,,,,,,,,,,,,,,,,
01-02-1993,0,,,,,,,,,,,,,,,,,,,,,,,
01-03-1993,26.37,,,,,,,,,,,,,,,,,,,,,,,
01-04-1993,0,,,,,,,,,,,,,,,,,,,,,,,
01-05-1993,10.55,,,,,,,,,,,,,,,,,,,,,,,
01-06-1993,110.74,,,,,,,,,,,,,,,,,,,,,,,
01-07-1993,152.93,,,,,,,,,,,,,,,,,,,,,,,
01-08-1993,232.03,,,,,,,,,,,,,,,,,,,,,,,
01-09-1993,332.23,,,,,,,,,,,,,,,,,,,,,,,
01-10-1993,21.09,,,,,,,,,,,,,,,,,,,,,,,
01-11-1993,36.91,,,,,,,,,,,,,,,,,,,,,,,
01-12-1993,0,,,,,,,,,,,,,,,,,,,,,,,
01-01-1994,31.64,,,,,,,,,,,,,,,,,,,,,,,
01-02-1994,26.37,,,,,,,,,,,,,,,,,,,,,,,
01-03-1994,0,,,,,,,,,,,,,,,,,,,,,,,
01-04-1994,21.09,,,,,,,,,,,,,,,,,,,,,,,
01-05-1994,26.37,,,,,,,,,,,,,,,,,,,,,,,
01-06-1994,105.47,,,,,,,,,,,,,,,,,,,,,,,
01-07-1994,205.66,,,,,,,,,,,,,,,,,,,,,,,
01-08-1994,390.23,,,,,,,,,,,,,,,,,,,,,,,
01-09-1994,137.11,,,,,,,,,,,,,,,,,,,,,,,
01-10-1994,68.55,,,,,,,,,,,,,,,,,,,,,,,
01-11-1994,5.27,,,,,,,,,,,,,,,,,,,,,,,
01-12-1994,0,,,,,,,,,,,,,,,,,,,,,,,
01-01-1995,15.82,,,,,,,,,,,,,,,,,,,,,,,
01-02-1995,21.09,,,,,,,,,,,,,,,,,,,,,,,
01-03-1995,0,,,,,,,,,,,,,,,,,,,,,,,
01-04-1995,0,,,,,,,,,,,,,,,,,,,,,,,
01-05-1995,0,,,,,,,,,,,,,,,,,,,,,,,
01-06-1995,121.29,,,,,,,,,,,,,,,,,,,,,,,
01-07-1995,237.3,,,,,,,,,,,,,,,,,,,,,,,
01-08-1995,237.3,,,,,,,,,,,,,,,,,,,,,,,
01-09-1995,290.04,,,,,,,,,,,,,,,,,,,,,,,
01-10-1995,5.27,,,,,,,,,,,,,,,,,,,,,,,
01-11-1995,58.01,,,,,,,,,,,,,,,,,,,,,,,
01-12-1995,42.19,,,,,,,,,,,,,,,,,,,,,,,
01-01-1996,21.09,,,,,,,,,,,,,,,,,,,,,,,
01-02-1996,26.37,,,,,,,,,,,,,,,,,,,,,,,
01-03-1996,0,,,,,,,,,,,,,,,,,,,,,,,
01-04-1996,0,,,,,,,,,,,,,,,,,,,,,,,
01-05-1996,0,,,,,,,,,,,,,,,,,,,,,,,
01-06-1996,205.66,,,,,,,,,,,,,,,,,,,,,,,
01-07-1996,200.39,,,,,,,,,,,,,,,,,,,,,,,
01-08-1996,305.86,,,,,,,,,,,,,,,,,,,,,,,
01-09-1996,131.84,,,,,,,,,,,,,,,,,,,,,,,
01-10-1996,15.82,,,,,,,,,,,,,,,,,,,,,,,
01-11-1996,0,,,,,,,,,,,,,,,,,,,,,,,
01-12-1996,0,,,,,,,,,,,,,,,,,,,,,,,
01-01-1997,5.27,,,,,,,,,,,,,,,,,,,,,,,
01-02-1997,0,,,,,,,,,,,,,,,,,,,,,,,
01-03-1997,0,,,,,,,,,,,,,,,,,,,,,,,
01-04-1997,15.82,,,,,,,,,,,,,,,,,,,,,,,
01-05-1997,31.64,,,,,,,,,,,,,,,,,,,,,,,
01-06-1997,142.38,,,,,,,,,,,,,,,,,,,,,,,
01-07-1997,580.08,,,,,,,,,,,,,,,,,,,,,,,
01-08-1997,311.13,,,,,,,,,,,,,,,,,,,,,,,
01-09-1997,105.47,,,,,,,,,,,,,,,,,,,,,,,
01-10-1997,26.37,,,,,,,,,,,,,,,,,,,,,,,
01-11-1997,21.09,,,,,,,,,,,,,,,,,,,,,,,
01-12-1997,26.37,,,,,,,,,,,,,,,,,,,,,,,
01-01-1998,5.27,,,,,,,,,,,,,,,,,,,,,,,
01-02-1998,15.82,,,,,,,,,,,,,,,,,,,,,,,
01-03-1998,26.37,,,,,,,,,,,,,,,,,,,,,,,
01-04-1998,0,,,,,,,,,,,,,,,,,,,,,,,
01-05-1998,15.82,,,,,,,,,,,,,,,,,,,,,,,
01-06-1998,84.38,,,,,,,,,,,,,,,,,,,,,,,
01-07-1998,232.03,,,,,,,,,,,,,,,,,,,,,,,
01-08-1998,279.49,,,,,,,,,,,,,,,,,,,,,,,
01-09-1998,237.3,,,,,,,,,,,,,,,,,,,,,,,
01-10-1998,68.55,,,,,,,,,,,,,,,,,,,,,,,
01-11-1998,21.09,,,,,,,,,,,,,,,,,,,,,,,
01-12-1998,0,,,,,,,,,,,,,,,,,,,,,,,
01-01-1999,0,,,,,,,,,,,,,,,,,,,,,,,
01-02-1999,0,,,,,,,,,,,,,,,,,,,,,,,
01-03-1999,0,,,,,,,,,,,,,,,,,,,,,,,
01-04-1999,0,,,,,,,,,,,,,,,,,,,,,,,
01-05-1999,73.83,,,,,,,,,,,,,,,,,,,,,,,
01-06-1999,121.29,,,,,,,,,,,,,,,,,,,,,,,
01-07-1999,342.77,,,,,,,,,,,,,,,,,,,,,,,
01-08-1999,232.03,,,,,,,,,,,,,,,,,,,,,,,
01-09-1999,73.83,,,,,,,,,,,,,,,,,,,,,,,
01-10-1999,89.65,,,,,,,,,,,,,,,,,,,,,,,
01-11-1999,0,,,,,,,,,,,,,,,,,,,,,,,
01-12-1999,0,,,,,,,,,,,,,,,,,,,,,,,
01-01-2000,0,,,,,,,,,,,,,,,,,,,,,,,
01-02-2000,5.27,,,,,,,,,,,,,,,,,,,,,,,
01-03-2000,5.27,,,,,,,,,,,,,,,,,,,,,,,
01-04-2000,15.82,,,,,,,,,,,,,,,,,,,,,,,
01-05-2000,26.37,,,,,,,,,,,,,,,,,,,,,,,
01-06-2000,210.94,,,,,,,,,,,,,,,,,,,,,,,
01-07-2000,237.3,,,,,,,,,,,,,,,,,,,,,,,
01-08-2000,163.48,,,,,,,,,,,,,,,,,,,,,,,
01-09-2000,232.03,,,,,,,,,,,,,,,,,,,,,,,
01-10-2000,0,,,,,,,,,,,,,,,,,,,,,,,
01-11-2000,0,,,,,,,,,,,,,,,,,,,,,,,
01-12-2000,0,,,,,,,,,,,,,,,,,,,,,,,
01-01-2001,5.27,,,,,,,,,,,,,,,,,,,,,,,
01-02-2001,0,,,,,,,,,,,,,,,,,,,,,,,
01-03-2001,5.27,,,,,,,,,,,,,,,,,,,,,,,
01-04-2001,10.55,,,,,,,,,,,,,,,,,,,,,,,
01-05-2001,52.73,,,,,,,,,,,,,,,,,,,,,,,
01-06-2001,311.13,,,,,,,,,,,,,,,,,,,,,,,
01-07-2001,221.48,,,,,,,,,,,,,,,,,,,,,,,
01-08-2001,163.48,,,,,,,,,,,,,,,,,,,,,,,
01-09-2001,158.2,,,,,,,,,,,,,,,,,,,,,,,
01-10-2001,100.2,,,,,,,,,,,,,,,,,,,,,,,
01-11-2001,0,,,,,,,,,,,,,,,,,,,,,,,
01-12-2001,0,,,,,,,,,,,,,,,,,,,,,,,
01-01-2002,5.27,,,,,,,,,,,,,,,,,,,,,,,
01-02-2002,5.27,,,,,,,,,,,,,,,,,,,,,,,
01-03-2002,5.27,,,,,,,,,,,,,,,,,,,,,,,
01-04-2002,5.27,,,,,,,,,,,,,,,,,,,,,,,
01-05-2002,105.47,,,,,,,,,,,,,,,,,,,,,,,
01-06-2002,89.65,,,,,,,,,,,,,,,,,,,,,,,
01-07-2002,226.76,,,,,,,,,,,,,,,,,,,,,,,
01-08-2002,268.95,,,,,,,,,,,,,,,,,,,,,,,
01-09-2002,126.56,,,,,,,,,,,,,,,,,,,,,,,
01-10-2002,79.1,,,,,,,,,,,,,,,,,,,,,,,
01-11-2002,0,,,,,,,,,,,,,,,,,,,,,,,
01-12-2002,5.27,,,,,,,,,,,,,,,,,,,,,,,
01-01-2003,5.27,,,,,,,,,,,,,,,,,,,,,,,
01-02-2003,36.91,,,,,,,,,,,,,,,,,,,,,,,
01-03-2003,0,,,,,,,,,,,,,,,,,,,,,,,
01-04-2003,15.82,,,,,,,,,,,,,,,,,,,,,,,
01-05-2003,15.82,,,,,,,,,,,,,,,,,,,,,,,
01-06-2003,163.48,,,,,,,,,,,,,,,,,,,,,,,
01-07-2003,290.04,,,,,,,,,,,,,,,,,,,,,,,
01-08-2003,210.94,,,,,,,,,,,,,,,,,,,,,,,
01-09-2003,142.38,,,,,,,,,,,,,,,,,,,,,,,
01-10-2003,137.11,,,,,,,,,,,,,,,,,,,,,,,
01-11-2003,0,,,,,,,,,,,,,,,,,,,,,,,
01-12-2003,5.27,,,,,,,,,,,,,,,,,,,,,,,
01-01-2004,15.82,,,,,,,,,,,,,,,,,,,,,,,
01-02-2004,0,,,,,,,,,,,,,,,,,,,,,,,
01-03-2004,0,,,,,,,,,,,,,,,,,,,,,,,
01-04-2004,26.37,,,,,,,,,,,,,,,,,,,,,,,
01-05-2004,26.37,,,,,,,,,,,,,,,,,,,,,,,
01-06-2004,242.58,,,,,,,,,,,,,,,,,,,,,,,
01-07-2004,200.39,,,,,,,,,,,,,,,,,,,,,,,
01-08-2004,210.94,,,,,,,,,,,,,,,,,,,,,,,
01-09-2004,89.65,,,,,,,,,,,,,,,,,,,,,,,
01-10-2004,15.82,,,,,,,,,,,,,,,,,,,,,,,
01-11-2004,0,,,,,,,,,,,,,,,,,,,,,,,
01-12-2004,0,,,,,,,,,,,,,,,,,,,,,,,
01-01-2005,26.37,,,,,,,,,,,,,,,,,,,,,,,
01-02-2005,21.09,,,,,,,,,,,,,,,,,,,,,,,
01-03-2005,10.55,,,,,,,,,,,,,,,,,,,,,,,
01-04-2005,0,,,,,,,,,,,,,,,,,,,,,,,
01-05-2005,5.27,,,,,,,,,,,,,,,,,,,,,,,
01-06-2005,73.83,,,,,,,,,,,,,,,,,,,,,,,
01-07-2005,300.59,,,,,,,,,,,,,,,,,,,,,,,
01-08-2005,184.57,,,,,,,,,,,,,,,,,,,,,,,
01-09-2005,105.47,,,,,,,,,,,,,,,,,,,,,,,
01-10-2005,42.19,,,,,,,,,,,,,,,,,,,,,,,
01-11-2005,0,,,,,,,,,,,,,,,,,,,,,,,
01-12-2005,0,,,,,,,,,,,,,,,,,,,,,,,
01-01-2006,0,,,,,,,,,,,,,,,,,,,,,,,
01-02-2006,0,,,,,,,,,,,,,,,,,,,,,,,
01-03-2006,5.27,,,,,,,,,,,,,,,,,,,,,,,
01-04-2006,10.55,,,,,,,,,,,,,,,,,,,,,,,
01-05-2006,36.91,,,,,,,,,,,,,,,,,,,,,,,
01-06-2006,279.49,,,,,,,,,,,,,,,,,,,,,,,
01-07-2006,348.05,,,,,,,,,,,,,,,,,,,,,,,
01-08-2006,205.66,,,,,,,,,,,,,,,,,,,,,,,
01-09-2006,210.94,,,,,,,,,,,,,,,,,,,,,,,
01-10-2006,5.27,,,,,,,,,,,,,,,,,,,,,,,
01-11-2006,5.27,,,,,,,,,,,,,,,,,,,,,,,
01-12-2006,0,,,,,,,,,,,,,,,,,,,,,,,
01-01-2007,0,,,,,,,,,,,,,,,,,,,,,,,
01-02-2007,47.46,,,,,,,,,,,,,,,,,,,,,,,
01-03-2007,21.09,,,,,,,,,,,,,,,,,,,,,,,
01-04-2007,15.82,,,,,,,,,,,,,,,,,,,,,,,
01-05-2007,47.46,,,,,,,,,,,,,,,,,,,,,,,
01-06-2007,89.65,,,,,,,,,,,,,,,,,,,,,,,
01-07-2007,437.7,,,,,,,,,,,,,,,,,,,,,,,
01-08-2007,263.67,,,,,,,,,,,,,,,,,,,,,,,
01-09-2007,258.4,,,,,,,,,,,,,,,,,,,,,,,
01-10-2007,36.91,,,,,,,,,,,,,,,,,,,,,,,
01-11-2007,0,,,,,,,,,,,,,,,,,,,,,,,
01-12-2007,0,,,,,,,,,,,,,,,,,,,,,,,
01-01-2008,47.46,,,,,,,,,,,,,,,,,,,,,,,
01-02-2008,5.27,,,,,,,,,,,,,,,,,,,,,,,
01-03-2008,0,,,,,,,,,,,,,,,,,,,,,,,
01-04-2008,21.09,,,,,,,,,,,,,,,,,,,,,,,
01-05-2008,47.46,,,,,,,,,,,,,,,,,,,,,,,
01-06-2008,416.6,,,,,,,,,,,,,,,,,,,,,,,
01-07-2008,316.41,,,,,,,,,,,,,,,,,,,,,,,
01-08-2008,326.95,,,,,,,,,,,,,,,,,,,,,,,
01-09-2008,126.56,,,,,,,,,,,,,,,,,,,,,,,
01-10-2008,5.27,,,,,,,,,,,,,,,,,,,,,,,
01-11-2008,0,,,,,,,,,,,,,,,,,,,,,,,
01-12-2008,0,,,,,,,,,,,,,,,,,,,,,,,
01-01-2009,0,,,,,,,,,,,,,,,,,,,,,,,
01-02-2009,0,,,,,,,,,,,,,,,,,,,,,,,
01-03-2009,0,,,,,,,,,,,,,,,,,,,,,,,
01-04-2009,0,,,,,,,,,,,,,,,,,,,,,,,
01-05-2009,47.46,,,,,,,,,,,,,,,,,,,,,,,
01-06-2009,63.28,,,,,,,,,,,,,,,,,,,,,,,
01-07-2009,189.84,,,,,,,,,,,,,,,,,,,,,,,
01-08-2009,216.21,,,,,,,,,,,,,,,,,,,,,,,
01-09-2009,179.3,,,,,,,,,,,,,,,,,,,,,,,
01-10-2009,58.01,,,,,,,,,,,,,,,,,,,,,,,
01-11-2009,10.55,,,,,,,,,,,,,,,,,,,,,,,
01-12-2009,5.27,,,,,,,,,,,,,,,,,,,,,,,
01-01-2010,0,,,,,,,,,,,,,,,,,,,,,,,
01-02-2010,0,,,,,,,,,,,,,,,,,,,,,,,
01-03-2010,0,,,,,,,,,,,,,,,,,,,,,,,
01-04-2010,0,,,,,,,,,,,,,,,,,,,,,,,
01-05-2010,42.19,,,,,,,,,,,,,,,,,,,,,,,
01-06-2010,63.28,,,,,,,,,,,,,,,,,,,,,,,
01-07-2010,200.39,,,,,,,,,,,,,,,,,,,,,,,
01-08-2010,195.12,,,,,,,,,,,,,,,,,,,,,,,
01-09-2010,105.47,,,,,,,,,,,,,,,,,,,,,,,
01-10-2010,79.1,,,,,,,,,,,,,,,,,,,,,,,
01-11-2010,0,,,,,,,,,,,,,,,,,,,,,,,
01-12-2010,5.27,,,,,,,,,,,,,,,,,,,,,,,
01-01-2011,0,,,,,,,,,,,,,,,,,,,,,,,
01-02-2011,0,,,,,,,,,,,,,,,,,,,,,,,
01-03-2011,5.27,,,,,,,,,,,,,,,,,,,,,,,
01-04-2011,31.64,,,,,,,,,,,,,,,,,,,,,,,
01-05-2011,36.91,,,,,,,,,,,,,,,,,,,,,,,
01-06-2011,321.68,,,,,,,,,,,,,,,,,,,,,,,
01-07-2011,126.56,,,,,,,,,,,,,,,,,,,,,,,
01-08-2011,268.95,,,,,,,,,,,,,,,,,,,,,,,
01-09-2011,258.4,,,,,,,,,,,,,,,,,,,,,,,
01-10-2011,0,,,,,,,,,,,,,,,,,,,,,,,
01-11-2011,0,,,,,,,,,,,,,,,,,,,,,,,
01-12-2011,0,,,,,,,,,,,,,,,,,,,,,,,
01-01-2012,15.82,,,,,,,,,,,,,,,,,,,,,,,
01-02-2012,0,,,,,,,,,,,,,,,,,,,,,,,
01-03-2012,10.55,,,,,,,,,,,,,,,,,,,,,,,
01-04-2012,5.27,,,,,,,,,,,,,,,,,,,,,,,
01-05-2012,21.09,,,,,,,,,,,,,,,,,,,,,,,
01-06-2012,89.65,,,,,,,,,,,,,,,,,,,,,,,
01-07-2012,295.31,,,,,,,,,,,,,,,,,,,,,,,
01-08-2012,316.41,,,,,,,,,,,,,,,,,,,,,,,
01-09-2012,163.48,,,,,,,,,,,,,,,,,,,,,,,
01-10-2012,31.64,,,,,,,,,,,,,,,,,,,,,,,
01-11-2012,21.09,,,,,,,,,,,,,,,,,,,,,,,
01-12-2012,0,,,,,,,,,,,,,,,,,,,,,,,
01-01-2013,0,,,,,,,,,,,,,,,,,,,,,,,
01-02-2013,15.82,,,,,,,,,,,,,,,,,,,,,,,
01-03-2013,0,,,,,,,,,,,,,,,,,,,,,,,
01-04-2013,26.37,,,,,,,,,,,,,,,,,,,,,,,
01-05-2013,84.38,,,,,,,,,,,,,,,,,,,,,,,
01-06-2013,105.47,,,,,,,,,,,,,,,,,,,,,,,
01-07-2013,94.92,,,,,,,,,,,,,,,,,,,,,,,
01-08-2013,158.2,,,,,,,,,,,,,,,,,,,,,,,
01-09-2013,200.39,,,,,,,,,,,,,,,,,,,,,,,
01-10-2013,200.39,,,,,,,,,,,,,,,,,,,,,,,
01-11-2013,0,,,,,,,,,,,,,,,,,,,,,,,
01-12-2013,0,,,,,,,,,,,,,,,,,,,,,,,
01-01-2014,31.64,,,,,,,,,,,,,,,,,,,,,,,
01-02-2014,36.91,,,,,,,,,,,,,,,,,,,,,,,
01-03-2014,5.27,,,,,,,,,,,,,,,,,,,,,,,
01-04-2014,0,,,,,,,,,,,,,,,,,,,,,,,
01-05-2014,79.1,,,,,,,,,,,,,,,,,,,,,,,
01-06-2014,84.38,,,,,,,,,,,,,,,,,,,,,,,
01-07-2014,253.12,,,,,,,,,,,,,,,,,,,,,,,
01-08-2014,311.13,,,,,,,,,,,,,,,,,,,,,,,
01-09-2014,174.02,,,,,,,,,,,,,,,,,,,,,,,
01-10-2014,36.91,,,,,,,,,,,,,,,,,,,,,,,
01-11-2014,0,,,,,,,,,,,,,,,,,,,,,,,
01-12-2014,0,,,,,,,,,,,,,,,,,,,,,,,
01-01-2015,21.09,,,,,,,,,,,,,,,,,,,,,,,
01-02-2015,0,,,,,,,,,,,,,,,,,,,,,,,
01-03-2015,26.37,,,,,,,,,,,,,,,,,,,,,,,
01-04-2015,21.09,,,,,,,,,,,,,,,,,,,,,,,
01-05-2015,21.09,,,,,,,,,,,,,,,,,,,,,,,
01-06-2015,137.11,,,,,,,,,,,,,,,,,,,,,,,
01-07-2015,348.05,,,,,,,,,,,,,,,,,,,,,,,
01-08-2015,221.48,,,,,,,,,,,,,,,,,,,,,,,
01-09-2015,100.2,,,,,,,,,,,,,,,,,,,,,,,
01-10-2015,5.27,,,,,,,,,,,,,,,,,,,,,,,
01-11-2015,0,,,,,,,,,,,,,,,,,,,,,,,
01-12-2015,0,,,,,,,,,,,,,,,,,,,,,,,
01-01-2016,15.82,,,,,,,,,,,,,,,,,,,,,,,
01-02-2016,5.27,,,,,,,,,,,,,,,,,,,,,,,
01-03-2016,10.55,,,,,,,,,,,,,,,,,,,,,,,
01-04-2016,0,,,,,,,,,,,,,,,,,,,,,,,
01-05-2016,58.01,,,,,,,,,,,,,,,,,,,,,,,
01-06-2016,68.55,,,,,,,,,,,,,,,,,,,,,,,
01-07-2016,300.59,,,,,,,,,,,,,,,,,,,,,,,
01-08-2016,179.3,,,,,,,,,,,,,,,,,,,,,,,
01-09-2016,326.95,,,,,,,,,,,,,,,,,,,,,,,
01-10-2016,58.01,,,,,,,,,,,,,,,,,,,,,,,
01-11-2016,0,,,,,,,,,,,,,,,,,,,,,,,
01-12-2016,0,,,,,,,,,,,,,,,,,,,,,,,
01-01-2017,0,,,,,,,,,,,,,,,,,,,,,,,
01-02-2017,0,,,,,,,,,,,,,,,,,,,,,,,
01-03-2017,5.27,,,,,,,,,,,,,,,,,,,,,,,
01-04-2017,0,,,,,,,,,,,,,,,,,,,,,,,
01-05-2017,31.64,,,,,,,,,,,,,,,,,,,,,,,
01-06-2017,63.28,,,,,,,,,,,,,,,,,,,,,,,
01-07-2017,416.6,,,,,,,,,,,,,,,,,,,,,,,
01-08-2017,279.49,,,,,,,,,,,,,,,,,,,,,,,
01-09-2017,110.74,,,,,,,,,,,,,,,,,,,,,,,
01-10-2017,73.83,,,,,,,,,,,,,,,,,,,,,,,
01-11-2017,0,,,,,,,,,,,,,,,,,,,,,,,
01-12-2017,0,,,,,,,,,,,,,,,,,,,,,,,
01-01-2018,0,,,,,,,,,,,,,,,,,,,,,,,
01-02-2018,0,,,,,,,,,,,,,,,,,,,,,,,
01-03-2018,5.27,,,,,,,,,,,,,,,,,,,,,,,
01-04-2018,10.55,,,,,,,,,,,,,,,,,,,,,,,
01-05-2018,21.09,,,,,,,,,,,,,,,,,,,,,,,
01-06-2018,73.83,,,,,,,,,,,,,,,,,,,,,,,
01-07-2018,242.58,,,,,,,,,,,,,,,,,,,,,,,
01-08-2018,216.21,,,,,,,,,,,,,,,,,,,,,,,
01-09-2018,79.1,,,,,,,,,,,,,,,,,,,,,,,
01-10-2018,15.82,,,,,,,,,,,,,,,,,,,,,,,
01-11-2018,0,,,,,,,,,,,,,,,,,,,,,,,
01-12-2018,10.55,,,,,,,,,,,,,,,,,,,,,,,
01-01-2019,5.27,,,,,,,,,,,,,,,,,,,,,,,
01-02-2019,21.09,,,,,,,,,,,,,,,,,,,,,,,
01-03-2019,0,,,,,,,,,,,,,,,,,,,,,,,
01-04-2019,10.55,,,,,,,,,,,,,,,,,,,,,,,
01-05-2019,15.82,,,,,,,,,,,,,,,,,,,,,,,
01-06-2019,58.01,,,,,,,,,,,,,,,,,,,,,,,
01-07-2019,311.13,,,,,,,,,,,,,,,,,,,,,,,
01-08-2019,152.93,,,,,,,,,,,,,,,,,,,,,,,
01-09-2019,348.05,,,,,,,,,,,,,,,,,,,,,,,
01-10-2019,26.37,,,,,,,,,,,,,,,,,,,,,,,
01-11-2019,0,,,,,,,,,,,,,,,,,,,,,,,
01-12-2019,15.82,,,,,,,,,,,,,,,,,,,,,,,
01-01-2020,10.55,,,,,,,,,,,,,,,,,,,,,,,
01-02-2020,26.37,,,,,,,,,,,,,,,,,,,,,,,
01-03-2020,47.46,,,,,,,,,,,,,,,,,,,,,,,
01-04-2020,10.55,,,,,,,,,,,,,,,,,,,,,,,
01-05-2020,58.01,,,,,,,,,,,,,,,,,,,,,,,
01-06-2020,242.58,,,,,,,,,,,,,,,,,,,,,,,
01-07-2020,326.95,,,,,,,,,,,,,,,,,,,,,,,
01-08-2020,163.48,,,,,,,,,,,,,,,,,,,,,,,
01-09-2020,232.03,,,,,,,,,,,,,,,,,,,,,,,
01-10-2020,52.73,,,,,,,,,,,,,,,,,,,,,,,
01-11-2020,0,,,,,,,,,,,,,,,,,,,,,,,
01-12-2020,0,,,,,,,,,,,,,,,,,,,,,,,
01-01-2021,0,,,,,,,,,,,,,,,,,,,,,,,
01-02-2021,0,,,,,,,,,,,,,,,,,,,,,,,
01-03-2021,0,,,,,,,,,,,,,,,,,,,,,,,
01-04-2021,3.45,,,,,,,,,,,,,,,,,,,,,,,
01-05-2021,212.47,,,,,,,,,,,,,,,,,,,,,,,
01-06-2021,332.83,,,,,,,,,,,,,,,,,,,,,,,
01-07-2021,282.71,,,,,,,,,,,,,,,,,,,,,,,
01-08-2021,262.98,,,,,,,,,,,,,,,,,,,,,,,
01-09-2021,168.29,,,,,,,,,,,,,,,,,,,,,,,
01-10-2021,115.45,,,,,,,,,,,,,,,,,,,,,,,
01-11-2021,4.76,,,,,,,,,,,,,,,,,,,,,,,
01-12-2021,12.28,,,,,,,,,,,,,,,,,,,,,,,
01-01-2022,11.29,,,,,,,,,,,,,,,,,,,,,,,
01-02-2022,39,,,,,,,,,,,,,,,,,,,,,,,
01-03-2022,0.08,,,,,,,,,,,,,,,,,,,,,,,
01-04-2022,2.06,,,,,,,,,,,,,,,,,,,,,,,
01-05-2022,54.43,,,,,,,,,,,,,,,,,,,,,,,
01-06-2022,130.49,,,,,,,,,,,,,,,,,,,,,,,
01-07-2022,104.92,,,,,,,,,,,,,,,,,,,,,,,
01-08-2022,186.68,,,,,,,,,,,,,,,,,,,,,,,
01-09-2022,135.29,,,,,,,,,,,,,,,,,,,,,,,
01-10-2022,76.72,,,,,,,,,,,,,,,,,,,,,,,
01-11-2022,0,,,,,,,,,,,,,,,,,,,,,,,
01-12-2022,0.03,,,,,,,,,,,,,,,,,,,,,,,
,,,,,,,,,,,,,,,,,,,,,,,,
